{
  "streams": [
    {
      "title": "My Stream",
      "description": "This is a great stream.",
      "id": 1
    },
    {
      "title": "Other Stream",
      "description": "Here's some stream",
      "id": 2
    },
    {
      "title": "I Created This Stream",
      "description": "This was made by me!",
      "userId": "111113427830310115815",
      "id": 3
    },
    {
      "title": "Me Streaming Component Reuse!",
      "description": "Watch me refactor some components.",
      "userId": "111113427830310115815",
      "id": 4
    }
  ]
}