{
  "streams": [
    {
      "title": "My Stream",
      "description": "This is a great stream.",
      "id": 1
    },
    {
      "title": "Other Stream",
      "description": "Here's some stream",
      "id": 2
    },
    {
      "title": "I Created This Stream",
      "description": "This change was made by a PATCH request",
      "userId": "111113427830310115815",
      "id": 3
    },
    {
      "title": "Me Streaming Component Reuse!",
      "description": "This stream is about refactoring!!!",
      "id": 4
    },
    {
      "title": "test",
      "description": "test",
      "userId": "106950848321673678226",
      "id": 5
    }
  ]
}